create database library;
use library;
create table books(
BOOK_ID INT PRIMARY KEY auto_increment,
BOOK_NAME VARCHAR(100),
AUTHOR_NAME varchar(100),
PUBLISH_YEAR INT(6),
GENRE VARCHAR(100),
PRICE INT(6),
STOCK INT(5)
);
select * from books;
insert into books(BOOK_ID,BOOK_NAME,AUTHOR_NAME,PUBLISH_YEAR,GENRE,PRICE,STOCK) values
(101, 'The Alchemist', 'Paulo Coelho', 1988, 'Fiction', 399, 20),
(102, 'Rich Dad Poor Dad', 'Robert Kiyosaki', 1997, 'Finance', 499, 15),
(103, 'Atomic Habits', 'James Clear', 2018, 'Self-help', 599, 18),
(104, 'The Power of Now', 'Eckhart Tolle', 1997, 'Spiritual', 450, 12),
(105, 'Think and Grow Rich', 'Napoleon Hill', 1937, 'Motivation', 350, 25),
(106, 'The 5 AM Club', 'Robin Sharma', 2018, 'Self-help', 520, 14),
(107, 'Ikigai', 'Hector Garcia', 2016, 'Lifestyle', 399, 22),
(108, 'Deep Work', 'Cal Newport', 2016, 'Productivity', 480, 16),
(109, 'The Psychology of Money', 'Morgan Housel', 2020, 'Finance', 550, 19),
(110, 'Start With Why', 'Simon Sinek', 2009, 'Business', 530, 13),

(111, 'Harry Potter and the Sorcerer''s Stone', 'J.K. Rowling', 1997, 'Fantasy', 699, 30),
(112, 'Harry Potter and the Chamber of Secrets', 'J.K. Rowling', 1998, 'Fantasy', 699, 28),
(113, 'The Hobbit', 'J.R.R. Tolkien', 1937, 'Fantasy', 650, 17),
(114, 'The Lord of the Rings', 'J.R.R. Tolkien', 1954, 'Fantasy', 1200, 10),
(115, 'Game of Thrones', 'George R.R. Martin', 1996, 'Fantasy', 899, 11),
(116, 'The Fault in Our Stars', 'John Green', 2012, 'Romance', 399, 21),
(117, 'Pride and Prejudice', 'Jane Austen', 1813, 'Classic', 299, 26),
(118, 'Romeo and Juliet', 'William Shakespeare', 1597, 'Classic', 250, 24),
(119, 'Twilight', 'Stephenie Meyer', 2005, 'Romance', 450, 18),
(120, 'Me Before You', 'Jojo Moyes', 2012, 'Romance', 420, 20),

(121, 'The Da Vinci Code', 'Dan Brown', 2003, 'Thriller', 550, 16),
(122, 'Angels and Demons', 'Dan Brown', 2000, 'Thriller', 530, 14),
(123, 'Sherlock Holmes', 'Arthur Conan Doyle', 1892, 'Mystery', 600, 22),
(124, 'Gone Girl', 'Gillian Flynn', 2012, 'Thriller', 480, 13),
(125, 'The Girl with the Dragon Tattoo', 'Stieg Larsson', 2005, 'Crime', 520, 12),
(126, 'To Kill a Mockingbird', 'Harper Lee', 1960, 'Classic', 350, 19),
(127, '1984', 'George Orwell', 1949, 'Dystopian', 399, 23),
(128, 'Animal Farm', 'George Orwell', 1945, 'Political', 300, 27),
(129, 'The Great Gatsby', 'F. Scott Fitzgerald', 1925, 'Classic', 320, 20),
(130, 'Moby Dick', 'Herman Melville', 1851, 'Classic', 400, 15),

(131, 'The Subtle Art of Not Giving a F*ck', 'Mark Manson', 2016, 'Self-help', 550, 18),
(132, 'You Can Win', 'Shiv Khera', 1998, 'Motivation', 350, 21),
(133, 'Do Epic Shit', 'Ankur Warikoo', 2021, 'Self-help', 450, 17),
(134, 'Life''s Amazing Secrets', 'Gaur Gopal Das', 2018, 'Spiritual', 420, 19),
(135, 'Wings of Fire', 'A.P.J. Abdul Kalam', 1999, 'Biography', 300, 25),
(136, 'Steve Jobs', 'Walter Isaacson', 2011, 'Biography', 650, 11),
(137, 'Elon Musk', 'Ashlee Vance', 2015, 'Biography', 600, 13),
(138, 'Shoe Dog', 'Phil Knight', 2016, 'Business', 550, 14),
(139, 'Zero to One', 'Peter Thiel', 2014, 'Business', 500, 16),
(140, 'The Lean Startup', 'Eric Ries', 2011, 'Business', 520, 15),

(141, 'The Catcher in the Rye', 'J.D. Salinger', 1951, 'Classic', 350, 18),
(142, 'Brave New World', 'Aldous Huxley', 1932, 'Dystopian', 400, 16),
(143, 'Fahrenheit 451', 'Ray Bradbury', 1953, 'Dystopian', 370, 20),
(144, 'The Kite Runner', 'Khaled Hosseini', 2003, 'Drama', 450, 22),
(145, 'A Thousand Splendid Suns', 'Khaled Hosseini', 2007, 'Drama', 480, 19),
(146, 'The Book Thief', 'Markus Zusak', 2005, 'Historical', 520, 17),
(147, 'The Hunger Games', 'Suzanne Collins', 2008, 'Dystopian', 550, 21),
(148, 'Catching Fire', 'Suzanne Collins', 2009, 'Dystopian', 550, 20),
(149, 'Mockingjay', 'Suzanne Collins', 2010, 'Dystopian', 550, 18),
(150, 'Divergent', 'Veronica Roth', 2011, 'Sci-Fi', 530, 19),

(151, 'Insurgent', 'Veronica Roth', 2012, 'Sci-Fi', 530, 17),
(152, 'Allegiant', 'Veronica Roth', 2013, 'Sci-Fi', 530, 16),
(153, 'The Maze Runner', 'James Dashner', 2009, 'Sci-Fi', 500, 18),
(154, 'The Scorch Trials', 'James Dashner', 2010, 'Sci-Fi', 500, 17),
(155, 'The Death Cure', 'James Dashner', 2011, 'Sci-Fi', 500, 15),
(156, 'Percy Jackson: The Lightning Thief', 'Rick Riordan', 2005, 'Fantasy', 480, 23),
(157, 'Percy Jackson: Sea of Monsters', 'Rick Riordan', 2006, 'Fantasy', 480, 21),
(158, 'Percy Jackson: Titan''s Curse', 'Rick Riordan', 2007, 'Fantasy', 480, 20),
(159, 'Percy Jackson: Battle of the Labyrinth', 'Rick Riordan', 2008, 'Fantasy', 480, 19),
(160, 'Percy Jackson: The Last Olympian', 'Rick Riordan', 2009, 'Fantasy', 480, 18),

(161, 'The Chronicles of Narnia', 'C.S. Lewis', 1956, 'Fantasy', 900, 12),
(162, 'The Shining', 'Stephen King', 1977, 'Horror', 600, 14),
(163, 'It', 'Stephen King', 1986, 'Horror', 750, 11),
(164, 'Misery', 'Stephen King', 1987, 'Horror', 550, 13),
(165, 'Carrie', 'Stephen King', 1974, 'Horror', 500, 15),
(166, 'Dracula', 'Bram Stoker', 1897, 'Horror', 350, 20),
(167, 'Frankenstein', 'Mary Shelley', 1818, 'Horror', 320, 22),
(168, 'The Picture of Dorian Gray', 'Oscar Wilde', 1890, 'Classic', 300, 25),
(169, 'Les Misérables', 'Victor Hugo', 1862, 'Classic', 700, 10),
(170, 'War and Peace', 'Leo Tolstoy', 1869, 'Classic', 950, 8),

(171, 'The Brothers Karamazov', 'Fyodor Dostoevsky', 1880, 'Classic', 650, 12),
(172, 'Crime and Punishment', 'Fyodor Dostoevsky', 1866, 'Classic', 600, 14),
(173, 'The Idiot', 'Fyodor Dostoevsky', 1869, 'Classic', 580, 13),
(174, 'Meditations', 'Marcus Aurelius', 180, 'Philosophy', 300, 21),
(175, 'Beyond Good and Evil', 'Friedrich Nietzsche', 1886, 'Philosophy', 350, 18),
(176, 'Sapiens', 'Yuval Noah Harari', 2011, 'History', 650, 16),
(177, 'Homo Deus', 'Yuval Noah Harari', 2015, 'History', 700, 14),
(178, '21 Lessons for the 21st Century', 'Yuval Noah Harari', 2018, 'History', 680, 15),
(179, 'Guns, Germs, and Steel', 'Jared Diamond', 1997, 'History', 600, 13),
(180, 'The Silk Roads', 'Peter Frankopan', 2015, 'History', 620, 12),

(181, 'Thinking, Fast and Slow', 'Daniel Kahneman', 2011, 'Psychology', 650, 17),
(182, 'Man''s Search for Meaning', 'Viktor Frankl', 1946, 'Psychology', 400, 20),
(183, 'Drive', 'Daniel Pink', 2009, 'Business', 500, 18),
(184, 'Good to Great', 'Jim Collins', 2001, 'Business', 550, 16),
(185, 'Rework', 'Jason Fried', 2010, 'Business', 480, 19),
(186, 'The 4-Hour Workweek', 'Timothy Ferriss', 2007, 'Business', 520, 15),
(187, 'Crushing It!', 'Gary Vaynerchuk', 2018, 'Business', 500, 14),
(188, 'Hooked', 'Nir Eyal', 2014, 'Business', 480, 13),
(189, 'The Hard Thing About Hard Things', 'Ben Horowitz', 2014, 'Business', 550, 12),
(190, 'Can''t Hurt Me', 'David Goggins', 2018, 'Motivation', 600, 18),

(191, 'Make Your Bed', 'William McRaven', 2017, 'Motivation', 350, 22),
(192, 'The Monk Who Sold His Ferrari', 'Robin Sharma', 1997, 'Self-help', 400, 24),
(193, 'Who Moved My Cheese?', 'Spencer Johnson', 1998, 'Self-help', 300, 26),
(194, 'The Secret', 'Rhonda Byrne', 2006, 'Self-help', 450, 20),
(195, 'Eat That Frog!', 'Brian Tracy', 2001, 'Productivity', 380, 21),
(196, 'The One Thing', 'Gary Keller', 2013, 'Productivity', 420, 19),
(197, 'Grit', 'Angela Duckworth', 2016, 'Psychology', 500, 17),
(198, 'Outliers', 'Malcolm Gladwell', 2008, 'Psychology', 480, 18),
(199, 'Blink', 'Malcolm Gladwell', 2005, 'Psychology', 460, 16),
(200, 'David and Goliath', 'Malcolm Gladwell', 2013, 'Psychology', 470, 15);
SELECT * FROM BOOKS;

create table Records(
CUSTOMER_ID INT PRIMARY KEY auto_increment,
CUSTOMER_NAME VARCHAR(100),
EMAIL_ID VARCHAR(200),
PHONE_NUMBER varchar(20),
CITY varchar(50),
COUNTRY varchar(100)
);
select * from Records;

INSERT INTO Records( CUSTOMER_ID,CUSTOMER_NAME,EMAIL_ID,PHONE_NUMBER,CITY,COUNTRY) VALUES
(1, 'Aarav Sharma', 'aarav1@gmail.com', 9876500001, 'Delhi', 'India'),
(2, 'Vivaan Verma', 'vivaan2@gmail.com', 9876500002, 'Mumbai', 'India'),
(3, 'Aditya Singh', 'aditya3@gmail.com', 9876500003, 'Lucknow', 'India'),
(4, 'Vihaan Gupta', 'vihaan4@gmail.com', 9876500004, 'Jaipur', 'India'),
(5, 'Arjun Mehta', 'arjun5@gmail.com', 9876500005, 'Chandigarh', 'India'),
(6, 'Sai Kumar', 'sai6@gmail.com', 9876500006, 'Hyderabad', 'India'),
(7, 'Krishna Patel', 'krishna7@gmail.com', 9876500007, 'Ahmedabad', 'India'),
(8, 'Rohan Das', 'rohan8@gmail.com', 9876500008, 'Kolkata', 'India'),
(9, 'Karan Malhotra', 'karan9@gmail.com', 9876500009, 'Delhi', 'India'),
(10, 'Rahul Nair', 'rahul10@gmail.com', 9876500010, 'Bangalore', 'India'),

(11, 'Sneha Kapoor', 'sneha11@gmail.com', 9876500011, 'Delhi', 'India'),
(12, 'Ananya Iyer', 'ananya12@gmail.com', 9876500012, 'Chennai', 'India'),
(13, 'Pooja Sharma', 'pooja13@gmail.com', 9876500013, 'Jaipur', 'India'),
(14, 'Riya Gupta', 'riya14@gmail.com', 9876500014, 'Mumbai', 'India'),
(15, 'Neha Singh', 'neha15@gmail.com', 9876500015, 'Lucknow', 'India'),
(16, 'Kavya Reddy', 'kavya16@gmail.com', 9876500016, 'Hyderabad', 'India'),
(17, 'Isha Jain', 'isha17@gmail.com', 9876500017, 'Indore', 'India'),
(18, 'Simran Kaur', 'simran18@gmail.com', 9876500018, 'Amritsar', 'India'),
(19, 'Priya Verma', 'priya19@gmail.com', 9876500019, 'Kanpur', 'India'),
(20, 'Nisha Yadav', 'nisha20@gmail.com', 9876500020, 'Patna', 'India'),

(21, 'John Smith', 'john21@gmail.com', 9876500021, 'New York', 'USA'),
(22, 'Michael Brown', 'michael22@gmail.com', 9876500022, 'Chicago', 'USA'),
(23, 'David Wilson', 'david23@gmail.com', 9876500023, 'Los Angeles', 'USA'),
(24, 'James Taylor', 'james24@gmail.com', 9876500024, 'Houston', 'USA'),
(25, 'Robert Anderson', 'robert25@gmail.com', 9876500025, 'Phoenix', 'USA'),
(26, 'Emma Johnson', 'emma26@gmail.com', 9876500026, 'London', 'UK'),
(27, 'Olivia Martin', 'olivia27@gmail.com', 9876500027, 'Manchester', 'UK'),
(28, 'Sophia Clark', 'sophia28@gmail.com', 9876500028, 'Liverpool', 'UK'),
(29, 'Isabella Lewis', 'isabella29@gmail.com', 9876500029, 'Birmingham', 'UK'),
(30, 'Mia Walker', 'mia30@gmail.com', 9876500030, 'Leeds', 'UK'),

(31, 'Liam Scott', 'liam31@gmail.com', 9876500031, 'Sydney', 'Australia'),
(32, 'Noah Green', 'noah32@gmail.com', 9876500032, 'Melbourne', 'Australia'),
(33, 'William Hall', 'william33@gmail.com', 9876500033, 'Brisbane', 'Australia'),
(34, 'Lucas Allen', 'lucas34@gmail.com', 9876500034, 'Perth', 'Australia'),
(35, 'Henry Young', 'henry35@gmail.com', 9876500035, 'Adelaide', 'Australia'),
(36, 'Ava King', 'ava36@gmail.com', 9876500036, 'Toronto', 'Canada'),
(37, 'Charlotte Wright', 'charlotte37@gmail.com', 9876500037, 'Vancouver', 'Canada'),
(38, 'Amelia Lopez', 'amelia38@gmail.com', 9876500038, 'Montreal', 'Canada'),
(39, 'Harper Hill', 'harper39@gmail.com', 9876500039, 'Calgary', 'Canada'),
(40, 'Evelyn Adams', 'evelyn40@gmail.com', 9876500040, 'Ottawa', 'Canada'),

(41, 'Rajesh Khanna', 'rajesh41@gmail.com', 9876500041, 'Delhi', 'India'),
(42, 'Amitabh Bachchan', 'amitabh42@gmail.com', 9876500042, 'Mumbai', 'India'),
(43, 'Salman Khan', 'salman43@gmail.com', 9876500043, 'Mumbai', 'India'),
(44, 'Shah Rukh Khan', 'srk44@gmail.com', 9876500044, 'Mumbai', 'India'),
(45, 'Akshay Kumar', 'akshay45@gmail.com', 9876500045, 'Delhi', 'India'),
(46, 'Chris Evans', 'chris46@gmail.com', 9876500046, 'Boston', 'USA'),
(47, 'Robert Downey Jr', 'rdj47@gmail.com', 9876500047, 'LA', 'USA'),
(48, 'Scarlett Johansson', 'scarlett48@gmail.com', 9876500048, 'NYC', 'USA'),
(49, 'Tom Holland', 'tom49@gmail.com', 9876500049, 'London', 'UK'),
(50, 'Zendaya Coleman', 'zendaya50@gmail.com', 9876500050, 'Oakland', 'USA'),

(51, 'Ritika Sharma', 'ritika51@gmail.com', 9876500051, 'Delhi', 'India'),
(52, 'Aman Verma', 'aman52@gmail.com', 9876500052, 'Mumbai', 'India'),
(53, 'Deepak Singh', 'deepak53@gmail.com', 9876500053, 'Jaipur', 'India'),
(54, 'Megha Gupta', 'megha54@gmail.com', 9876500054, 'Pune', 'India'),
(55, 'Suresh Patel', 'suresh55@gmail.com', 9876500055, 'Ahmedabad', 'India'),
(56, 'Nikita Jain', 'nikita56@gmail.com', 9876500056, 'Indore', 'India'),
(57, 'Varun Khanna', 'varun57@gmail.com', 9876500057, 'Delhi', 'India'),
(58, 'Tanya Arora', 'tanya58@gmail.com', 9876500058, 'Chandigarh', 'India'),
(59, 'Rakesh Yadav', 'rakesh59@gmail.com', 9876500059, 'Lucknow', 'India'),
(60, 'Pallavi Mishra', 'pallavi60@gmail.com', 9876500060, 'Patna', 'India'),

(61, 'Gaurav Bansal', 'gaurav61@gmail.com', 9876500061, 'Noida', 'India'),
(62, 'Shivani Kapoor', 'shivani62@gmail.com', 9876500062, 'Delhi', 'India'),
(63, 'Manish Tiwari', 'manish63@gmail.com', 9876500063, 'Kanpur', 'India'),
(64, 'Kritika Sinha', 'kritika64@gmail.com', 9876500064, 'Ranchi', 'India'),
(65, 'Harsh Vardhan', 'harsh65@gmail.com', 9876500065, 'Bhopal', 'India'),
(66, 'Divya Nair', 'divya66@gmail.com', 9876500066, 'Kochi', 'India'),
(67, 'Yash Agarwal', 'yash67@gmail.com', 9876500067, 'Jaipur', 'India'),
(68, 'Komal Chauhan', 'komal68@gmail.com', 9876500068, 'Dehradun', 'India'),
(69, 'Anil Thakur', 'anil69@gmail.com', 9876500069, 'Shimla', 'India'),
(70, 'Pooja Saxena', 'pooja70@gmail.com', 9876500070, 'Agra', 'India'),

(71, 'Rahul Choudhary', 'rahul71@gmail.com', 9876500071, 'Gurgaon', 'India'),
(72, 'Simran Gill', 'simran72@gmail.com', 9876500072, 'Amritsar', 'India'),
(73, 'Naveen Reddy', 'naveen73@gmail.com', 9876500073, 'Hyderabad', 'India'),
(74, 'Ishita Bose', 'ishita74@gmail.com', 9876500074, 'Kolkata', 'India'),
(75, 'Arvind Iyer', 'arvind75@gmail.com', 9876500075, 'Chennai', 'India'),
(76, 'Snehal Deshmukh', 'snehal76@gmail.com', 9876500076, 'Nagpur', 'India'),
(77, 'Tarun Malhotra', 'tarun77@gmail.com', 9876500077, 'Delhi', 'India'),
(78, 'Reena Kaur', 'reena78@gmail.com', 9876500078, 'Ludhiana', 'India'),
(79, 'Vikas Dubey', 'vikas79@gmail.com', 9876500079, 'Varanasi', 'India'),
(80, 'Ankita Roy', 'ankita80@gmail.com', 9876500080, 'Kolkata', 'India'),

(81, 'Siddharth Jain', 'sid81@gmail.com', 9876500081, 'Delhi', 'India'),
(82, 'Neeraj Kumar', 'neeraj82@gmail.com', 9876500082, 'Patna', 'India'),
(83, 'Rohit Shetty', 'rohit83@gmail.com', 9876500083, 'Mumbai', 'India'),
(84, 'Kajal Aggarwal', 'kajal84@gmail.com', 9876500084, 'Chennai', 'India'),
(85, 'Mohit Arora', 'mohit85@gmail.com', 9876500085, 'Delhi', 'India');
select * from Records;

create table Issue(
ISSUE_ID int primary key auto_increment,
CUSTOMER_ID int references  Records(CUSTOMER_ID),
BOOK_ID INT references Books(BOOK_ID),
ISSUE_DATE datetime,
RETURN_DATE datetime,
QUANTITY int,
TOTAL_AMOUNT decimal(10,2)
);
SELECT * from issue;

INSERT INTO issue (ISSUE_ID, CUSTOMER_ID, BOOK_ID, ISSUE_DATE, RETURN_DATE, QUANTITY, TOTAL_AMOUNT) VALUES
(1, 1, 101, '2024-01-02 10:30:00', '2024-01-10 18:00:00', 1, 350.50),
(2, 2, 102, '2024-01-05 11:00:00', NULL, 2, 800.75),
(3, 3, 103, '2024-01-07 09:15:00', '2024-01-15 17:45:00', 1, 450.00),
(4, 4, 104, '2024-01-10 14:20:00', NULL, 3, 900.99),
(5, 5, 105, '2024-01-12 16:10:00', '2024-01-20 19:00:00', 1, 300.25),
(6, 6, 106, '2024-01-15 10:00:00', NULL, 2, 700.60),
(7, 7, 107, '2024-01-18 12:30:00', '2024-01-25 18:20:00', 1, 400.40),
(8, 8, 108, '2024-01-20 15:45:00', NULL, 2, 600.80),
(9, 9, 109, '2024-01-22 11:10:00', '2024-01-30 17:00:00', 1, 350.00),
(10, 10, 110, '2024-01-25 13:25:00', NULL, 3, 1050.90),

(11, 11, 111, '2024-02-01 09:30:00', '2024-02-10 18:00:00', 1, 500.00),
(12, 12, 112, '2024-02-03 10:15:00', NULL, 2, 900.50),
(13, 13, 113, '2024-02-05 11:40:00', '2024-02-12 17:30:00', 1, 320.75),
(14, 14, 114, '2024-02-08 14:00:00', NULL, 2, 750.25),
(15, 15, 115, '2024-02-10 16:20:00', '2024-02-18 19:10:00', 1, 280.00),
(16, 16, 116, '2024-02-12 12:10:00', NULL, 3, 1200.99),
(17, 17, 117, '2024-02-15 13:30:00', '2024-02-22 18:00:00', 1, 360.60),
(18, 18, 118, '2024-02-18 15:00:00', NULL, 2, 640.40),
(19, 19, 119, '2024-02-20 10:50:00', '2024-02-28 17:20:00', 1, 390.00),
(20, 20, 120, '2024-02-22 11:25:00', NULL, 2, 880.80),

(21, 21, 121, '2024-03-01 09:10:00', '2024-03-08 18:30:00', 1, 420.00),
(22, 22, 122, '2024-03-03 10:45:00', NULL, 2, 760.60),
(23, 23, 123, '2024-03-05 12:00:00', '2024-03-12 17:45:00', 1, 310.50),
(24, 24, 124, '2024-03-08 14:30:00', NULL, 3, 990.90),
(25, 25, 125, '2024-03-10 16:00:00', '2024-03-18 19:00:00', 1, 275.75);
select * from issue;

